Axitinib (AG-013736),Axitinib (AG-013736),Axitinib (AG-013736),Axitinib (AG-013736),Axitinib (AG-013736),Axitinib (AG-013736),Axitinib (AG-013736),Axitinib (AG-013736),Axitinib (AG-013736),Axitinib (AG-013736)
8.86640232650788,11.6116735349278,14.602557549344,12.4945610790819,3.68720447709747,2.80135126294647,14.602557549344,12.4945610790819,3.68720447709747,2.80135126294647
72.3882711984088,110.543604049451,13.0081246132738,13.9467529642119,7.51089350810361,6.30867756343962,13.0081246132738,13.9467529642119,7.51089350810361,6.30867756343962
141.417685336934,168.800100671772,19.0704222826038,25.9504514304362,11.9407719671435,10.6746710576681,19.0704222826038,25.9504514304362,11.9407719671435,10.6746710576681
128.46106191331,170.313783878717,56.2445634141311,50.4405525943653,28.1541469280974,28.2391406925292,56.2445634141311,50.4405525943653,28.1541469280974,28.2391406925292
147.689099709113,166.06581142703,127.920287320761,98.9489285325791,116.676755680323,106.826606016656,127.920287320761,98.9489285325791,116.676755680323,106.826606016656
170.566734342563,187.590243933036,101.268461973044,105.457957141303,160.435400880694,147.250636449302,101.268461973044,105.457957141303,160.435400880694,147.250636449302
136.061830389143,169.017713214033,122.981625460709,85.1667029261395,173.077689311451,166.154955396352,122.981625460709,85.1667029261395,173.077689311451,166.154955396352
