Crizotinib (PF-02341066),Crizotinib (PF-02341066),Crizotinib (PF-02341066),Crizotinib (PF-02341066),Crizotinib (PF-02341066),Crizotinib (PF-02341066),Crizotinib (PF-02341066),Crizotinib (PF-02341066),Crizotinib (PF-02341066),Crizotinib (PF-02341066)
7.10880476885242,6.95337060455693,58.7289860391514,68.8298246042466,69.8147498036853,73.6182916065272,58.7289860391514,68.8298246042466,69.8147498036853,73.6182916065272
62.4272917457851,68.5107656939435,81.2247478960221,88.3397609418059,82.0479307416762,75.2948854485824,81.2247478960221,88.3397609418059,82.0479307416762,75.2948854485824
71.0473739709292,75.4145198230434,115.20806224311,107.255339172971,76.3985592726508,76.8664428802313,115.20806224311,107.255339172971,76.3985592726508,76.8664428802313
63.5220497396171,86.7556687724235,115.733004132487,122.308904664133,9.84697744018474,11.6465435518376,115.733004132487,122.308904664133,9.84697744018474,11.6465435518376
98.518780396494,92.447267177392,187.437619458439,227.084245189625,5.60715407310975,5.94319942425612,187.437619458439,227.084245189625,5.60715407310975,5.94319942425612
115.984452293701,123.09040241965,15.7782851368678,19.5165110953734,2.26829728148716,2.61986069474843,15.7782851368678,19.5165110953734,2.26829728148716,2.61986069474843
104.910560726057,101.94032855958,2.03081332627903,2.50235282404633,0.233182065291166,0.300417429510217,2.03081332627903,2.50235282404633,0.233182065291166,0.300417429510217
