Ibrutinib (PCI-32765),Ibrutinib (PCI-32765),Ibrutinib (PCI-32765),Ibrutinib (PCI-32765),Ibrutinib (PCI-32765),Ibrutinib (PCI-32765),Ibrutinib (PCI-32765),Ibrutinib (PCI-32765),Ibrutinib (PCI-32765),Ibrutinib (PCI-32765)
6.26735650991554,6.18961326540321,103.441356332906,107.752390863717,41.1728770422571,40.073517889714,103.441356332906,107.752390863717,41.1728770422571,40.073517889714
47.0315173503194,51.4983695041043,84.4978495494937,95.2919098544349,30.4795789082491,26.6368348065972,84.4978495494937,95.2919098544349,30.4795789082491,26.6368348065972
90.2326688651886,93.2271708949995,54.113501206699,71.1664935313776,19.808375859954,18.8273112141468,54.113501206699,71.1664935313776,19.808375859954,18.8273112141468
94.7548311378761,90.5690733420408,49.6748506124057,54.1720595334928,12.5799291134788,12.6129450063164,49.6748506124057,54.1720595334928,12.5799291134788,12.6129450063164
100.04464547302,102.817278739352,52.3418223300493,51.1844895827659,12.5168002971564,11.2775200618594,52.3418223300493,51.1844895827659,12.5168002971564,11.2775200618594
111.581736887875,121.114321164923,34.2491217868361,33.4878714503352,9.3887674483774,8.92337489394267,34.2491217868361,33.4878714503352,9.3887674483774,8.92337489394267
99.5783564827017,105.555603610253,1.61152711378878,1.99609647236066,0.260537885697575,0.228952783189464,1.61152711378878,1.99609647236066,0.260537885697575,0.228952783189464
