Imatinib Mesylate (STI571),Imatinib Mesylate (STI571),Imatinib Mesylate (STI571),Imatinib Mesylate (STI571),Imatinib Mesylate (STI571),Imatinib Mesylate (STI571),Imatinib Mesylate (STI571),Imatinib Mesylate (STI571),Imatinib Mesylate (STI571),Imatinib Mesylate (STI571)
3.82332945392531,3.62906674893631,4.82345969116766,8.80097080995381,2.01617657129925,1.99609067016459,4.82345969116766,8.80097080995381,2.01617657129925,1.99609067016459
74.7884978943567,79.4236992314132,67.8854406477249,103.820685690885,63.2865068449204,60.8877457078001,67.8854406477249,103.820685690885,63.2865068449204,60.8877457078001
92.3101176056395,93.6382307798028,88.6973846645154,83.5625419140811,25.177876243283,26.4677793688356,88.6973846645154,83.5625419140811,25.177876243283,26.4677793688356
101.365425770956,97.6548106116306,84.8815464813482,93.1958770632999,34.0636516957743,25.994051862155,84.8815464813482,93.1958770632999,34.0636516957743,25.994051862155
105.80366632253,104.080732853363,93.5631066264381,98.0283240566632,25.9153654881337,22.2038994150061,93.5631066264381,98.0283240566632,25.9153654881337,22.2038994150061
67.6070982624551,72.3266931351942,71.8669914188525,77.261294025048,21.5300170475987,15.5946494870405,71.8669914188525,77.261294025048,21.5300170475987,15.5946494870405
95.2218066044409,78.108105770312,80.8165833337305,88.2674386058508,30.8766328592441,26.7227918184044,80.8165833337305,88.2674386058508,30.8766328592441,26.7227918184044
