Nilotinib (AMN-107),Nilotinib (AMN-107),Nilotinib (AMN-107),Nilotinib (AMN-107),Nilotinib (AMN-107),Nilotinib (AMN-107),Nilotinib (AMN-107),Nilotinib (AMN-107),Nilotinib (AMN-107),Nilotinib (AMN-107)
14.7170566476366,19.8197551888301,67.4558123268139,73.4825410638529,137.316190361503,148.075201930853,67.4558123268139,73.4825410638529,137.316190361503,148.075201930853
15.5897919343943,17.9249070118987,82.6311730470887,91.2392581311868,151.578331223261,161.75138042339,82.6311730470887,91.2392581311868,151.578331223261,161.75138042339
17.1990507930389,22.5784675310013,128.612359097146,101.037474165126,164.924823378279,168.044051060702,128.612359097146,101.037474165126,164.924823378279,168.044051060702
22.9016264695921,28.327500015681,120.191367822586,119.539323398238,116.220345674662,113.10396568115,120.191367822586,119.539323398238,116.220345674662,113.10396568115
35.1942177832207,40.2753341612881,35.0367221758898,35.4984771021429,15.0137252342665,23.9651522258675,35.0367221758898,35.4984771021429,15.0137252342665,23.9651522258675
69.3714912860988,87.4665211473446,3.44780429187628,4.65027738496682,2.65034617170424,4.83548359707644,3.44780429187628,4.65027738496682,2.65034617170424,4.83548359707644
126.89694898289,128.741006968619,0.619882883609983,0.53573371043185,2.46138931779544,1.39274176374055,0.619882883609983,0.53573371043185,2.46138931779544,1.39274176374055
