Regorafenib (BAY 73-4506),Regorafenib (BAY 73-4506),Regorafenib (BAY 73-4506),Regorafenib (BAY 73-4506),Regorafenib (BAY 73-4506),Regorafenib (BAY 73-4506),Regorafenib (BAY 73-4506),Regorafenib (BAY 73-4506),Regorafenib (BAY 73-4506),Regorafenib (BAY 73-4506)
1.89227177300388,1.64995804824884,4.63327947277023,5.36763227943096,0.27678040406388,0.285991542764539,4.63327947277023,5.36763227943096,0.27678040406388,0.285991542764539
7.26103087647571,6.98414963848451,8.24670362232147,9.71354719455084,1.01440116728187,1.11099271563947,8.24670362232147,9.71354719455084,1.01440116728187,1.11099271563947
77.1954552330452,76.8956136632961,40.6173786906005,41.7365626039047,14.4109278235655,14.3635961655822,40.6173786906005,41.7365626039047,14.4109278235655,14.3635961655822
104.29908200964,101.702169477386,54.2425123490037,58.9782074955996,38.2780262587693,37.3108608598056,54.2425123490037,58.9782074955996,38.2780262587693,37.3108608598056
94.7510555185213,92.966978733874,79.9735622486706,91.3970233253622,54.9371948128029,56.404485909451,79.9735622486706,91.3970233253622,54.9371948128029,56.404485909451
108.521597400805,98.6533632041335,105.855866591039,116.391622631444,90.4439975533826,83.6404936065496,105.855866591039,116.391622631444,90.4439975533826,83.6404936065496
109.490043765312,106.721506687772,124.397881802279,113.005622357182,101.428477352678,102.543922978871,124.397881802279,113.005622357182,101.428477352678,102.543922978871
